<?xml version="1.0" encoding="UTF-8"?>
<window>
	<defaultcontrol>9000</defaultcontrol>
	<include>DialogOpenCloseAnimation</include>
	<controls>
		<control type="grouplist" id="9000">
			<left>705</left>
			<width>510</width>
			<height>1080</height>
			<onleft>9000</onleft>
			<onright>9000</onright>
			<onup>9000</onup>
			<ondown>9000</ondown>
			<align>center</align>
			<control type="image" id="1">
				<width>510</width>
				<height>34</height>
				<texture border="30,20,30,2">dialog_top2.png</texture>
			</control>
			<control type="button" id="2">
				<description>Exit button</description>
				<width>510</width>
				<height>60</height>
				<textcolor>grey2</textcolor>
				<focusedcolor>white</focusedcolor>
				<textwidth>435</textwidth>
				<textoffsetx>45</textoffsetx>
				<texturefocus colordiffuse="$VAR[HighlightBarColor]" border="35,2,35,2">button_shutdown_focus.png</texturefocus>
				<texturenofocus border="35,2,35,2">button_shutdown_nofocus.png</texturenofocus>
				<onclick>Quit()</onclick>
				<font>font14</font>
				<label>13012</label>
				<visible>System.ShowExitButton</visible>
                <align>center</align>
			</control>
			<control type="button" id="3">
				<description>Shutdown button</description>
				<width>510</width>
				<height>60</height>
				<textcolor>grey2</textcolor>
				<focusedcolor>white</focusedcolor>
				<textwidth>435</textwidth>
				<textoffsetx>45</textoffsetx>
				<texturefocus colordiffuse="$VAR[HighlightBarColor]" border="35,2,35,2">button_shutdown_focus.png</texturefocus>
				<texturenofocus border="35,2,35,2">button_shutdown_nofocus.png</texturenofocus>
				<onclick>Powerdown()</onclick>
				<visible>System.CanPowerDown</visible>
				<font>font14</font>
				<label>13016</label>
                <align>center</align>
			</control>
			<control type="button" id="4">
				<description>Custom Shutdown Timer</description>
				<width>510</width>
				<height>60</height>
				<textcolor>grey2</textcolor>
				<focusedcolor>white</focusedcolor>
				<textwidth>435</textwidth>
				<textoffsetx>45</textoffsetx>
				<texturefocus colordiffuse="$VAR[HighlightBarColor]" border="35,2,35,2">button_shutdown_focus.png</texturefocus>
				<texturenofocus border="35,2,35,2">button_shutdown_nofocus.png</texturenofocus>
				<onclick>AlarmClock(shutdowntimer,Shutdown())</onclick>
				<font>font14</font>
				<label>20150</label>
				<visible>!System.HasAlarm(shutdowntimer)</visible>
				<visible>System.CanPowerDown | System.CanSuspend | System.CanHibernate</visible>
                <align>center</align>
			</control>
			<control type="button" id="5">
				<description>Cancel Shutdown Timer</description>
				<width>510</width>
				<height>60</height>
				<textcolor>grey2</textcolor>
				<focusedcolor>white</focusedcolor>
				<textwidth>435</textwidth>
				<textoffsetx>45</textoffsetx>
				<texturefocus colordiffuse="$VAR[HighlightBarColor]" border="35,2,35,2">button_shutdown_focus.png</texturefocus>
				<texturenofocus border="35,2,35,2">button_shutdown_nofocus.png</texturenofocus>
				<onclick>CancelAlarm(shutdowntimer)</onclick>
				<font>font14</font>
				<label>$LOCALIZE[32300] [B]$INFO[System.Alarmpos][/B]</label>
				<visible>System.HasAlarm(shutdowntimer)</visible>
                <align>center</align>
			</control>
			<control type="button" id="12">
				<description>Reboot button</description>
				<width>510</width>
				<height>60</height>
				<textcolor>grey2</textcolor>
				<focusedcolor>white</focusedcolor>
				<textwidth>435</textwidth>
				<textoffsetx>45</textoffsetx>
				<texturefocus colordiffuse="$VAR[HighlightBarColor]" border="35,2,35,2">button_shutdown_focus.png</texturefocus>
				<texturenofocus border="35,2,35,2">button_shutdown_nofocus.png</texturenofocus>
				<onclick>Reset()</onclick>
				<visible>System.CanReboot</visible>
				<font>font14</font>
				<label>13013</label>
                <align>center</align>
			</control>
			<control type="image" id="18">
				<width>510</width>
				<height>34</height>
				<texture border="30,2,30,20">dialog_bottom2.png</texture>
			</control>
		</control>
	</controls>
</window>